,,ingresos_totales,ingresos_totales,ingresos_totales,numero_clientes,numero_clientes,precio_promedio
,,sum,mean,count,sum,mean,mean
giro,mes,,,,,,
agencia_viajes,2020-01,94640513.67,418763.33,226,15901,70.36,7006.6
agencia_viajes,2020-02,67682419.22,320769.76,211,11296,53.54,6775.35
agencia_viajes,2020-03,148811331.41,627895.91,237,22638,95.52,7511.27
agencia_viajes,2020-04,431392207.47,1467320.43,294,51740,175.99,9768.74
agencia_viajes,2020-05,510876651.82,1702922.17,300,57713,192.38,10130.1
agencia_viajes,2020-06,707091034.32,2380777.89,297,70975,238.97,11862.3
agencia_viajes,2020-07,917695799.25,2755843.24,333,84239,252.97,12380.79
agencia_viajes,2020-08,871810979.64,2549154.91,342,85821,250.94,12113.94
agencia_viajes,2020-09,311548308.41,1166847.6,267,39186,146.76,8978.59
agencia_viajes,2020-10,175663953.69,760450.02,231,24468,105.92,8444.49
agencia_viajes,2020-11,114386518.81,537025.91,213,17331,81.37,7464.52
agencia_viajes,2020-12,631119768.44,1997214.46,316,66388,210.09,11239.14
agencia_viajes,2021-01,87087923.62,388785.37,224,14810,66.12,7201.65
agencia_viajes,2021-02,61860282.59,325580.43,190,10838,57.04,6744.44
agencia_viajes,2021-03,150230542.01,636570.09,236,22166,93.92,7888.16
agencia_viajes,2021-04,455536712.3,1621127.09,281,51824,184.43,10239.95
agencia_viajes,2021-05,492170413.5,1651578.57,298,53878,180.8,10444.75
agencia_viajes,2021-06,775463439.99,2493451.58,311,76118,244.75,11782.81
agencia_viajes,2021-07,964003643.52,2826990.16,341,90194,264.5,12647.8
agencia_viajes,2021-08,881038254.02,2629964.94,335,83164,248.25,12224.6
agencia_viajes,2021-09,292537877.46,1165489.55,251,37461,149.25,9156.37
agencia_viajes,2021-10,192399064.94,763488.35,252,27200,107.94,8307.34
agencia_viajes,2021-11,115296630.37,512429.47,225,18398,81.77,7223.29
agencia_viajes,2021-12,692075182.91,2197064.07,315,68017,215.93,11539.85
agencia_viajes,2022-01,101560175.77,417943.11,243,16382,67.42,7142.74
agencia_viajes,2022-02,64585850.2,315052.93,205,10786,52.61,6932.16
agencia_viajes,2022-03,148710107.46,592470.55,251,23167,92.3,7702.66
agencia_viajes,2022-04,443315644.45,1566486.38,283,52136,184.23,9842.75
agencia_viajes,2022-05,477674107.97,1699907.86,281,52968,188.5,10764.18
agencia_viajes,2022-06,775598084.99,2401232.46,323,77419,239.69,11740.66
agencia_viajes,2022-07,1087407381.37,3188877.95,341,99186,290.87,12826.24
agencia_viajes,2022-08,950458791.05,2762961.6,344,90724,263.73,12355.66
agencia_viajes,2022-09,306908121.13,1194195.02,257,40056,155.86,8922.65
agencia_viajes,2022-10,198246913.61,762488.13,260,28432,109.35,8188.39
agencia_viajes,2022-11,130277771.44,547385.59,238,20247,85.07,7449.14
agencia_viajes,2022-12,695324289.02,2063276.82,337,73052,216.77,11151.96
agencia_viajes,2023-01,107840413.94,462834.39,233,16743,71.86,7273.74
agencia_viajes,2023-02,64877587.23,337904.1,192,11192,58.29,6554.02
agencia_viajes,2023-03,163076885.82,679487.02,240,23940,99.75,7964.22
agencia_viajes,2023-04,467590475.56,1640668.34,285,55031,193.09,9989.71
agencia_viajes,2023-05,524717381.71,1754907.63,299,57243,191.45,10665.38
agencia_viajes,2023-06,807248937.82,2476223.74,326,79549,244.02,12005.54
agencia_viajes,2023-07,1075933382.76,3127713.32,344,95497,277.61,13182.53
agencia_viajes,2023-08,999769722.89,2889507.87,346,94866,274.18,12265.41
agencia_viajes,2023-09,357838084.25,1291834.24,277,43147,155.77,9572.92
agencia_viajes,2023-10,192291437.42,760045.21,253,26756,105.75,8514.9
agencia_viajes,2023-11,117088534.13,549711.43,213,17896,84.02,7493.37
agencia_viajes,2023-12,727536330.04,2231706.53,326,74994,230.04,11465.26
agencia_viajes,2024-01,97421237.35,436866.54,223,15733,70.55,7222.79
agencia_viajes,2024-02,63935467.63,338282.9,189,11003,58.22,6869.88
agencia_viajes,2024-03,180171648.38,679893.01,265,26139,98.64,7907.94
agencia_viajes,2024-04,453597972.27,1698868.81,267,50817,190.33,10362.14
agencia_viajes,2024-05,560306278.01,1801627.9,311,60593,194.83,10824.96
agencia_viajes,2024-06,827072201.2,2529272.79,327,80650,246.64,11976.3
agencia_viajes,2024-07,1111144673.44,3174699.07,350,101386,289.67,12890.65
agencia_viajes,2024-08,1027115400.63,2951481.04,348,94716,272.17,12779.03
agencia_viajes,2024-09,308467993.06,1233871.97,250,38342,153.37,9306.84
agencia_viajes,2024-10,206624473.55,823205.07,251,28266,112.61,8257.07
agencia_viajes,2024-11,113520785.69,535475.4,212,17358,81.88,7362.99
agencia_viajes,2024-12,721503730.22,2199706.49,328,72863,222.14,11487.61
agencia_viajes,2025-01,97171323.91,441687.84,220,15574,70.79,7213.2
agencia_viajes,2025-02,64050334.93,325128.6,197,11299,57.36,6767.01
agencia_viajes,2025-03,169910182.07,707959.09,240,24197,100.82,8055.33
agencia_viajes,2025-04,446364946.03,1623145.26,275,50269,182.8,10245.26
agencia_viajes,2025-05,574615692.2,1909022.23,301,60211,200.04,10872.54
agencia_viajes,2025-06,865956026.64,2640109.84,328,83519,254.63,12022.93
agencia_viajes,2025-07,1061535475.33,3041648.93,349,95894,274.77,12911.05
agencia_viajes,2025-08,1006471998.9,2986563.79,337,95008,281.92,12284.78
agencia_viajes,2025-09,344879011.55,1291681.69,267,41758,156.4,9463.48
agencia_viajes,2025-10,201268228.76,805072.92,250,27355,109.42,8556.56
agencia_viajes,2025-11,129966589.48,582809.82,223,19841,88.97,7676.91
agencia_viajes,2025-12,731889556.36,2294324.63,319,74030,232.07,11311.34
atraccion_turistica,2020-01,5509511.5,31482.92,175,6239,35.65,820.25
atraccion_turistica,2020-02,3698031.14,24013.19,154,4407,28.62,759.69
atraccion_turistica,2020-03,7713390.97,44329.83,174,7966,45.78,867.68
atraccion_turistica,2020-04,15776234.15,82167.89,192,13370,69.64,1058.71
atraccion_turistica,2020-05,18762822.57,89774.27,209,15088,72.19,1148.89
atraccion_turistica,2020-06,30205585.47,135451.06,223,22128,99.23,1255.22
atraccion_turistica,2020-07,38002608.22,160348.56,237,25798,108.85,1335.45
atraccion_turistica,2020-08,34575485.89,150328.2,230,23053,100.23,1335.24
atraccion_turistica,2020-09,20128309.74,93620.05,215,16522,76.85,1090.32
atraccion_turistica,2020-10,13623208.32,74039.18,184,12107,65.8,1037.22
atraccion_turistica,2020-11,7327382.81,41165.07,178,7983,44.85,824.9
atraccion_turistica,2020-12,17447293.42,87236.47,200,15084,75.42,1055.68
atraccion_turistica,2021-01,5356266.83,31693.89,169,5864,34.7,817.24
atraccion_turistica,2021-02,3597279.61,24305.94,148,4186,28.28,771.68
atraccion_turistica,2021-03,7900493.32,45667.59,173,8126,46.97,875.84
atraccion_turistica,2021-04,14027322.61,75415.71,186,12368,66.49,1029.8
atraccion_turistica,2021-05,21646483.57,98842.39,219,17360,79.27,1130.77
atraccion_turistica,2021-06,31109228.93,139503.27,223,22159,99.37,1278.37
atraccion_turistica,2021-07,39807725.24,167965.09,237,26194,110.52,1356.48
atraccion_turistica,2021-08,35631419.9,151623.06,235,24106,102.58,1312.63
atraccion_turistica,2021-09,20304610.49,96230.38,211,15968,75.68,1112.72
atraccion_turistica,2021-10,13668159.72,70819.48,193,12307,63.77,1024.48
atraccion_turistica,2021-11,6663017.59,40138.66,166,7163,43.15,866.96
atraccion_turistica,2021-12,16158324.35,79207.47,204,13434,65.85,1033.5
atraccion_turistica,2022-01,5201383.11,32107.3,162,5813,35.88,802.47
atraccion_turistica,2022-02,3671599.17,26799.99,137,4242,30.96,796.69
atraccion_turistica,2022-03,8339189.98,46072.87,181,8434,46.6,908.7
atraccion_turistica,2022-04,15857519.4,79686.03,199,13361,67.14,1046.75
atraccion_turistica,2022-05,22070491.32,107138.31,206,17743,86.13,1149.09
atraccion_turistica,2022-06,33445932.88,149312.2,224,23254,103.81,1278.55
atraccion_turistica,2022-07,39978607.53,170121.73,235,25833,109.93,1380.89
atraccion_turistica,2022-08,36263123.87,153008.96,237,24574,103.69,1313.66
atraccion_turistica,2022-09,18971657.28,93456.44,203,14828,73.04,1134.46
atraccion_turistica,2022-10,16749655.5,83748.28,200,14139,70.69,1057.54
atraccion_turistica,2022-11,6665663.1,38980.49,171,6973,40.78,861.55
atraccion_turistica,2022-12,17576088.94,87880.44,200,15140,75.7,1051.47
atraccion_turistica,2023-01,5391713.45,31165.97,173,6081,35.15,814.05
atraccion_turistica,2023-02,3713929.96,25971.54,143,4299,30.06,812.85
atraccion_turistica,2023-03,8824928.58,48488.62,182,8837,48.55,902.26
atraccion_turistica,2023-04,15755846.53,87532.48,180,12964,72.02,1045.36
atraccion_turistica,2023-05,21135417.01,103099.6,205,17072,83.28,1113.08
atraccion_turistica,2023-06,34901348.36,153076.09,228,23979,105.17,1291.11
atraccion_turistica,2023-07,43933694.48,183822.99,239,28333,118.55,1375.66
atraccion_turistica,2023-08,41091283.72,175603.78,234,27390,117.05,1321.78
atraccion_turistica,2023-09,19929349.18,97692.89,204,16108,78.96,1129.53
atraccion_turistica,2023-10,14665887.52,71891.61,204,12863,63.05,1033.76
atraccion_turistica,2023-11,6267261.6,37983.4,165,6707,40.65,830.26
atraccion_turistica,2023-12,19271323.39,91333.29,211,15611,73.99,1102.32
atraccion_turistica,2024-01,5871291.56,33171.14,177,6481,36.62,818.04
atraccion_turistica,2024-02,4599978.64,27058.7,170,5355,31.5,775.88
atraccion_turistica,2024-03,8705037.01,48094.13,181,8337,46.06,965.34
atraccion_turistica,2024-04,15619334.06,79690.48,196,13537,69.07,1038.71
atraccion_turistica,2024-05,21747010.18,101621.54,214,16805,78.53,1151.85
atraccion_turistica,2024-06,34374364.25,153456.98,224,24078,107.49,1294.92
atraccion_turistica,2024-07,40471637.64,169337.4,239,27289,114.18,1366.08
atraccion_turistica,2024-08,45917721.87,189742.65,242,29654,122.54,1381.98
atraccion_turistica,2024-09,22001950.67,103295.54,213,17359,81.5,1138.29
atraccion_turistica,2024-10,15440053.47,78375.91,197,13003,66.01,1047.56
atraccion_turistica,2024-11,6716939.81,41980.87,160,7169,44.81,835.75
atraccion_turistica,2024-12,18021505.91,88775.89,203,15300,75.37,1079.82
atraccion_turistica,2025-01,6441675.32,37892.21,170,6778,39.87,870.09
atraccion_turistica,2025-02,4169085.23,27609.84,151,5001,33.12,762.42
atraccion_turistica,2025-03,8147536.53,45014.01,181,8360,46.19,864.15
atraccion_turistica,2025-04,15409237.98,79429.06,194,13215,68.12,1032.69
atraccion_turistica,2025-05,21646425.91,102589.7,211,17138,81.22,1128.57
atraccion_turistica,2025-06,36300891.31,159214.44,228,24351,106.8,1326.69
atraccion_turistica,2025-07,44647317.38,185258.58,241,29041,120.5,1368.23
atraccion_turistica,2025-08,41320817.15,178106.97,232,26609,114.69,1372.21
atraccion_turistica,2025-09,21544599.48,103084.21,209,17086,81.75,1151.65
atraccion_turistica,2025-10,16498659.59,79703.67,207,14401,69.57,1045.71
atraccion_turistica,2025-11,8185068.86,48432.36,169,8071,47.76,895.43
atraccion_turistica,2025-12,19341634.47,91234.12,212,15902,75.01,1123.15
comercio_souvenirs,2020-01,4336130.62,72268.84,60,5459,90.98,837.19
comercio_souvenirs,2020-02,3297154.22,62210.46,53,4085,77.08,852.92
comercio_souvenirs,2020-03,5873658.43,93232.67,63,6928,109.97,875.1
comercio_souvenirs,2020-04,7283343.97,110353.7,66,7785,117.95,901.64
comercio_souvenirs,2020-05,6883920.15,116676.61,59,7384,125.15,982.59
comercio_souvenirs,2020-06,12142266.53,157691.77,77,11609,150.77,1046.41
comercio_souvenirs,2020-07,12881241.25,201269.39,64,11729,183.27,1171.4
comercio_souvenirs,2020-08,11229440.23,158161.13,71,10809,152.24,1047.05
comercio_souvenirs,2020-09,9032313.88,118846.24,76,9858,129.71,988.62
comercio_souvenirs,2020-10,6824994.31,106640.54,64,7735,120.86,914.28
comercio_souvenirs,2020-11,4610011.5,76833.52,60,5702,95.03,834.48
comercio_souvenirs,2020-12,8242172.32,130828.13,63,8706,138.19,934.9
comercio_souvenirs,2021-01,4643092.46,73699.88,63,5846,92.79,812.68
comercio_souvenirs,2021-02,2805345.6,58444.7,48,4085,85.1,742.9
comercio_souvenirs,2021-03,5140503.5,88629.37,58,5884,101.45,866.78
comercio_souvenirs,2021-04,6723967.77,120070.85,56,7124,127.21,958.12
comercio_souvenirs,2021-05,8764072.34,127015.54,69,9090,131.74,1032.34
comercio_souvenirs,2021-06,10701655.79,164640.86,65,10532,162.03,1061.52
comercio_souvenirs,2021-07,12449166.65,161677.49,77,12134,157.58,1094.03
comercio_souvenirs,2021-08,11791467.63,173403.94,68,12020,176.76,1018.46
comercio_souvenirs,2021-09,7055795.03,105310.37,67,8336,124.42,917.3
comercio_souvenirs,2021-10,7031692.4,109870.19,64,7840,122.5,911.39
comercio_souvenirs,2021-11,4989598.63,83159.98,60,6143,102.38,891.83
comercio_souvenirs,2021-12,11100169.45,165674.17,67,10797,161.15,1054.41
comercio_souvenirs,2022-01,4804501.0,76261.92,63,5970,94.76,806.32
comercio_souvenirs,2022-02,2929384.78,61028.85,48,3860,80.42,844.49
comercio_souvenirs,2022-03,5164453.69,83297.64,62,6430,103.71,825.52
comercio_souvenirs,2022-04,6314847.55,107031.31,59,7290,123.56,918.48
comercio_souvenirs,2022-05,8552490.0,129583.18,66,9128,138.3,962.67
comercio_souvenirs,2022-06,9146599.91,134508.82,68,9517,139.96,1040.13
comercio_souvenirs,2022-07,14100054.67,198592.32,71,13460,189.58,1106.34
comercio_souvenirs,2022-08,10393185.89,173219.76,60,9864,164.4,1048.76
comercio_souvenirs,2022-09,8264627.41,129134.8,64,8425,131.64,975.58
comercio_souvenirs,2022-10,8410997.57,127439.36,66,8538,129.36,998.55
comercio_souvenirs,2022-11,5820493.95,103937.39,56,6723,120.05,897.05
comercio_souvenirs,2022-12,11472292.09,171228.24,67,10229,152.67,1064.52
comercio_souvenirs,2023-01,4213006.56,78018.64,54,5115,94.72,835.25
comercio_souvenirs,2023-02,2807503.04,59734.11,47,3475,73.94,832.09
comercio_souvenirs,2023-03,5225584.64,84283.62,62,6438,103.84,874.49
comercio_souvenirs,2023-04,6923040.59,103328.96,67,7778,116.09,959.26
comercio_souvenirs,2023-05,10006841.81,147159.44,68,10345,152.13,946.45
comercio_souvenirs,2023-06,13926482.65,207857.95,67,12822,191.37,1070.12
comercio_souvenirs,2023-07,13037473.03,178595.52,73,13442,184.14,1028.01
comercio_souvenirs,2023-08,12371248.55,179293.46,69,11562,167.57,1048.68
comercio_souvenirs,2023-09,9546943.53,140396.23,68,9962,146.5,991.18
comercio_souvenirs,2023-10,7161395.55,108505.99,66,7873,119.29,946.3
comercio_souvenirs,2023-11,4531076.7,85492.01,53,5472,103.25,843.95
comercio_souvenirs,2023-12,11042993.35,157757.05,70,10571,151.01,1082.03
comercio_souvenirs,2024-01,5828848.52,88315.89,66,7119,107.86,857.62
comercio_souvenirs,2024-02,4242351.0,73143.98,58,5302,91.41,793.75
comercio_souvenirs,2024-03,6186234.0,89655.57,69,7241,104.94,837.02
comercio_souvenirs,2024-04,6487394.96,111851.64,58,7597,130.98,891.39
comercio_souvenirs,2024-05,9834243.45,161217.11,61,9005,147.62,1113.1
comercio_souvenirs,2024-06,12798248.88,185481.87,69,11853,171.78,1095.99
comercio_souvenirs,2024-07,14420040.38,206000.58,70,13199,188.56,1119.8
comercio_souvenirs,2024-08,14291058.86,185598.17,77,14129,183.49,1055.76
comercio_souvenirs,2024-09,7718375.91,122513.9,63,8700,138.1,938.66
comercio_souvenirs,2024-10,8618867.02,118066.67,73,9224,126.36,933.18
comercio_souvenirs,2024-11,4850575.65,82213.15,59,6201,105.1,840.7
comercio_souvenirs,2024-12,11507643.42,166777.44,69,11532,167.13,1028.09
comercio_souvenirs,2025-01,4561858.96,77319.64,59,5933,100.56,791.24
comercio_souvenirs,2025-02,3100591.31,65970.03,47,4267,90.79,796.85
comercio_souvenirs,2025-03,5620325.43,95259.75,59,6420,108.81,915.99
comercio_souvenirs,2025-04,6766634.43,123029.72,55,6881,125.11,999.04
comercio_souvenirs,2025-05,9829665.64,153588.53,64,9476,148.06,1041.21
comercio_souvenirs,2025-06,13274825.47,174668.76,76,12190,160.39,1085.87
comercio_souvenirs,2025-07,16625757.99,218759.97,76,14878,195.76,1154.01
comercio_souvenirs,2025-08,15562953.72,192135.23,81,14189,175.17,1134.52
comercio_souvenirs,2025-09,10418669.98,146741.83,71,11224,158.08,991.62
comercio_souvenirs,2025-10,8612283.83,123032.63,70,8794,125.63,1001.79
comercio_souvenirs,2025-11,7338580.3,103360.29,71,7776,109.52,987.64
comercio_souvenirs,2025-12,10552266.62,148623.47,71,10509,148.01,1041.51
hotel,2020-01,28571124.97,92463.19,309,16001,51.78,1736.71
hotel,2020-02,18831434.33,69746.05,270,11365,42.09,1660.93
hotel,2020-03,30674108.29,104689.79,293,16709,57.03,1839.32
hotel,2020-04,54597672.89,169557.99,322,26125,81.13,2107.93
hotel,2020-05,53567924.75,157552.72,340,25922,76.24,2069.02
hotel,2020-06,73727240.44,220740.24,334,31249,93.56,2378.59
hotel,2020-07,94690017.77,267485.93,354,36011,101.73,2629.81
hotel,2020-08,89141817.45,254690.91,350,35129,100.37,2528.38
hotel,2020-09,57275541.16,174620.55,328,26815,81.75,2145.36
hotel,2020-10,46941228.87,139291.48,337,24183,71.76,1961.34
hotel,2020-11,32108055.99,108840.87,295,17394,58.96,1844.63
hotel,2020-12,75806316.98,209409.72,362,32993,91.14,2260.84
hotel,2021-01,26109062.27,89414.6,292,14963,51.24,1755.97
hotel,2021-02,18570105.84,70878.27,262,11611,44.32,1625.12
hotel,2021-03,32390503.72,101856.93,318,18180,57.17,1810.22
hotel,2021-04,59727915.16,179363.11,333,27538,82.7,2147.67
hotel,2021-05,53827400.59,162130.72,332,25603,77.12,2087.11
hotel,2021-06,78891736.35,230677.59,342,32641,95.44,2415.73
hotel,2021-07,94121783.09,270464.89,348,35052,100.72,2654.52
hotel,2021-08,91279333.8,262296.94,348,35535,102.11,2586.6
hotel,2021-09,59213498.7,176230.65,336,27814,82.78,2115.6
hotel,2021-10,47296219.46,142458.49,332,24048,72.43,1977.91
hotel,2021-11,30262588.61,102933.97,294,16776,57.06,1792.67
hotel,2021-12,73824838.94,207957.29,355,31185,87.85,2333.0
hotel,2022-01,27575640.35,91613.42,301,15368,51.06,1758.68
hotel,2022-02,18974124.17,73259.17,259,11654,45.0,1634.65
hotel,2022-03,33123177.42,106505.39,311,18171,58.43,1839.31
hotel,2022-04,62402882.62,188528.35,331,28113,84.93,2185.98
hotel,2022-05,57043579.33,167775.23,340,27386,80.55,2063.59
hotel,2022-06,77646902.12,227037.73,342,32109,93.89,2394.57
hotel,2022-07,99798465.81,281916.57,354,37145,104.93,2672.15
hotel,2022-08,91040506.8,259374.66,351,34939,99.54,2607.45
hotel,2022-09,62779787.6,186290.17,337,28949,85.9,2167.2
hotel,2022-10,51080350.06,153856.48,332,24657,74.27,2032.29
hotel,2022-11,30660690.28,111089.46,276,16709,60.54,1805.79
hotel,2022-12,75444381.29,213723.46,353,32460,91.95,2344.48
hotel,2023-01,28480161.32,92769.26,307,16545,53.89,1741.31
hotel,2023-02,19439883.35,77142.39,252,11289,44.8,1692.32
hotel,2023-03,32863119.99,101743.41,323,18621,57.65,1779.7
hotel,2023-04,62256296.25,186955.84,333,28331,85.08,2193.15
hotel,2023-05,56690518.15,164320.34,345,27671,80.21,2066.79
hotel,2023-06,78296550.9,230963.28,339,32097,94.68,2449.75
hotel,2023-07,98161162.89,282072.31,348,35828,102.95,2729.26
hotel,2023-08,91361612.67,260289.49,351,35549,101.28,2572.36
hotel,2023-09,63873730.51,188418.08,339,29189,86.1,2168.06
hotel,2023-10,49499101.64,147758.51,335,24875,74.25,1993.95
hotel,2023-11,30905318.94,105840.13,292,17026,58.31,1817.17
hotel,2023-12,80777369.12,226267.14,357,34185,95.76,2366.52
hotel,2024-01,26924126.95,90653.63,297,15622,52.6,1711.96
hotel,2024-02,20938271.25,73467.62,285,12884,45.21,1644.43
hotel,2024-03,36697445.01,114322.26,321,19342,60.26,1861.08
hotel,2024-04,64590611.57,189415.28,341,29338,86.04,2216.79
hotel,2024-05,56524478.97,163839.07,345,27242,78.96,2076.48
hotel,2024-06,81235918.95,238929.17,340,32916,96.81,2505.34
hotel,2024-07,99623351.17,286274.0,348,36516,104.93,2736.92
hotel,2024-08,94747216.52,263186.71,360,36359,101.0,2596.25
hotel,2024-09,63594518.38,188707.77,337,28482,84.52,2202.69
hotel,2024-10,49067196.71,149140.42,329,24270,73.77,2027.46
hotel,2024-11,31492076.0,106033.93,297,17553,59.1,1809.85
hotel,2024-12,74584416.52,220663.95,338,31801,94.09,2368.91
hotel,2025-01,27180424.29,89409.29,304,15579,51.25,1732.71
hotel,2025-02,21701887.89,82516.68,263,12688,48.24,1675.55
hotel,2025-03,39914031.3,125122.36,319,21311,66.81,1847.93
hotel,2025-04,62136270.41,188864.04,329,28793,87.52,2166.02
hotel,2025-05,58719723.83,174242.5,337,27188,80.68,2131.99
hotel,2025-06,79065430.6,236722.85,334,32015,95.85,2456.59
hotel,2025-07,97535686.18,276305.06,353,36117,102.31,2721.22
hotel,2025-08,91751238.81,264412.79,347,34631,99.8,2663.43
hotel,2025-09,62242510.68,184695.88,337,28743,85.29,2188.04
hotel,2025-10,49208946.57,147332.18,334,24341,72.88,2006.61
hotel,2025-11,35384528.16,117556.57,301,19259,63.98,1845.68
hotel,2025-12,78017882.29,221641.71,352,33132,94.12,2360.29
renta_vehiculos,2020-01,5417495.77,52597.05,103,5434,52.76,1101.91
renta_vehiculos,2020-02,5142593.57,56512.02,91,4991,54.85,1107.38
renta_vehiculos,2020-03,7508699.11,77409.27,97,6514,67.15,1215.73
renta_vehiculos,2020-04,11568921.12,109140.77,106,9983,94.18,1251.59
renta_vehiculos,2020-05,12275948.55,113666.19,108,9923,91.88,1323.96
renta_vehiculos,2020-06,13560414.85,129146.81,105,11035,105.1,1343.16
renta_vehiculos,2020-07,20149182.56,172215.24,117,14653,125.24,1520.89
renta_vehiculos,2020-08,17684071.16,156496.2,113,12893,114.1,1419.68
renta_vehiculos,2020-09,13623772.1,112593.16,121,11103,91.76,1292.1
renta_vehiculos,2020-10,9815518.02,101190.91,97,8520,87.84,1226.89
renta_vehiculos,2020-11,8337313.1,80944.79,103,7412,71.96,1166.73
renta_vehiculos,2020-12,15558312.92,141439.21,110,11810,107.36,1382.68
renta_vehiculos,2021-01,6158635.34,60976.59,101,5873,58.15,1090.18
renta_vehiculos,2021-02,4022548.94,50281.86,80,4230,52.88,1021.93
renta_vehiculos,2021-03,8051620.98,86576.57,93,7383,79.39,1174.08
renta_vehiculos,2021-04,9059255.34,94367.24,96,8022,83.56,1238.0
renta_vehiculos,2021-05,13307543.78,119887.78,111,10530,94.86,1346.39
renta_vehiculos,2021-06,15259442.17,138722.2,110,11402,103.65,1384.88
renta_vehiculos,2021-07,20154840.48,169368.41,119,14319,120.33,1498.44
renta_vehiculos,2021-08,16559145.06,146541.11,113,11552,102.23,1503.46
renta_vehiculos,2021-09,13169105.18,123075.75,107,10279,96.07,1350.24
renta_vehiculos,2021-10,10571784.37,103644.94,102,8742,85.71,1271.44
renta_vehiculos,2021-11,8509478.05,78068.61,109,7703,70.67,1126.57
renta_vehiculos,2021-12,14131084.47,130843.37,108,10707,99.14,1423.23
renta_vehiculos,2022-01,7392742.97,67206.75,110,6873,62.48,1134.5
renta_vehiculos,2022-02,5282835.12,61428.32,86,5182,60.26,1096.19
renta_vehiculos,2022-03,6817004.7,73301.13,93,6351,68.29,1177.25
renta_vehiculos,2022-04,10708868.5,107088.68,100,8976,89.76,1268.41
renta_vehiculos,2022-05,14236607.91,129423.71,110,11015,100.14,1353.21
renta_vehiculos,2022-06,16534215.11,153094.58,108,12263,113.55,1480.57
renta_vehiculos,2022-07,21343174.02,170745.39,125,15246,121.97,1506.73
renta_vehiculos,2022-08,15290502.39,137752.27,111,11132,100.29,1434.96
renta_vehiculos,2022-09,12548597.31,125485.97,100,9583,95.83,1369.99
renta_vehiculos,2022-10,10564215.36,100611.57,105,8833,84.12,1258.85
renta_vehiculos,2022-11,8274864.64,80338.49,103,7323,71.1,1199.98
renta_vehiculos,2022-12,14170593.53,134958.03,105,11255,107.19,1407.68
renta_vehiculos,2023-01,6556161.66,67589.3,97,6012,61.98,1143.66
renta_vehiculos,2023-02,4098386.1,49980.32,82,4146,50.56,1117.26
renta_vehiculos,2023-03,9087903.39,87383.69,104,8322,80.02,1205.79
renta_vehiculos,2023-04,12016690.68,113365.01,106,9774,92.21,1307.4
renta_vehiculos,2023-05,13421352.05,119833.5,112,10491,93.67,1373.19
renta_vehiculos,2023-06,18342039.74,149122.27,123,13245,107.68,1465.1
renta_vehiculos,2023-07,22141065.25,172977.07,128,15234,119.02,1543.42
renta_vehiculos,2023-08,16648509.35,149986.57,111,12372,111.46,1478.07
renta_vehiculos,2023-09,13776826.08,125243.87,110,10961,99.65,1359.54
renta_vehiculos,2023-10,13079164.14,109908.94,119,10442,87.75,1319.66
renta_vehiculos,2023-11,8209095.58,82090.96,100,7305,73.05,1167.32
renta_vehiculos,2023-12,16599866.54,152292.35,109,12454,114.26,1376.52
renta_vehiculos,2024-01,6433662.57,68443.22,94,6028,64.13,1129.85
renta_vehiculos,2024-02,5007649.48,62595.62,80,5071,63.39,1100.63
renta_vehiculos,2024-03,7493688.01,78880.93,95,6577,69.23,1248.22
renta_vehiculos,2024-04,12305347.91,117193.79,105,10155,96.71,1303.01
renta_vehiculos,2024-05,12812892.74,116480.84,110,10289,93.54,1338.92
renta_vehiculos,2024-06,17518398.03,157823.41,111,12880,116.04,1451.39
renta_vehiculos,2024-07,21561295.17,179677.46,120,16147,134.56,1477.23
renta_vehiculos,2024-08,18199085.25,146766.82,124,13808,111.35,1449.08
renta_vehiculos,2024-09,14192873.03,135170.22,105,11459,109.13,1342.87
renta_vehiculos,2024-10,11879219.38,102407.06,116,9731,83.89,1278.85
renta_vehiculos,2024-11,6704582.54,72092.29,93,6691,71.95,1048.18
renta_vehiculos,2024-12,13164584.1,125376.99,105,9937,94.64,1420.05
renta_vehiculos,2025-01,7097772.36,68247.81,104,6820,65.58,1073.37
renta_vehiculos,2025-02,4598424.9,54743.15,84,4376,52.1,1136.49
renta_vehiculos,2025-03,8174599.79,81746.0,100,7462,74.62,1201.46
renta_vehiculos,2025-04,11922637.83,118045.92,101,9545,94.5,1381.41
renta_vehiculos,2025-05,15638290.02,137177.98,114,11773,103.27,1418.83
renta_vehiculos,2025-06,19866550.86,165554.59,120,14756,122.97,1444.82
renta_vehiculos,2025-07,22264141.14,179549.53,124,14924,120.35,1552.82
renta_vehiculos,2025-08,20897808.23,167182.47,125,15259,122.07,1479.53
renta_vehiculos,2025-09,13663611.79,126514.92,108,10842,100.39,1355.7
renta_vehiculos,2025-10,12187640.25,106909.12,114,9833,86.25,1305.97
renta_vehiculos,2025-11,10289778.74,90261.22,114,9121,80.01,1216.52
renta_vehiculos,2025-12,18860427.8,157170.23,120,14149,117.91,1432.75
restaurante,2020-01,31393995.02,38378.97,818,58846,71.94,516.55
restaurante,2020-02,24493707.94,32271.02,759,47922,63.14,496.34
restaurante,2020-03,37517240.21,45530.63,824,66838,81.11,542.3
restaurante,2020-04,50145839.93,59134.25,848,80407,94.82,593.87
restaurante,2020-05,62003264.62,71350.13,869,95249,109.61,623.41
restaurante,2020-06,64211588.65,75810.61,847,95865,113.18,635.35
restaurante,2020-07,75436380.21,85625.86,881,107613,122.15,664.08
restaurante,2020-08,71948556.98,81297.8,885,106568,120.42,645.81
restaurante,2020-09,58387103.46,67971.02,859,91189,106.16,611.08
restaurante,2020-10,53664901.92,61471.82,873,86272,98.82,589.79
restaurante,2020-11,43879494.81,53187.27,825,74049,89.76,571.45
restaurante,2020-12,80240227.43,91389.78,878,112929,128.62,678.22
restaurante,2021-01,34163295.26,41510.69,823,62725,76.22,525.13
restaurante,2021-02,23343315.52,32109.1,727,45440,62.5,495.23
restaurante,2021-03,37712421.79,45381.98,831,66560,80.1,542.61
restaurante,2021-04,49419305.43,58003.88,852,82039,96.29,586.42
restaurante,2021-05,65557283.55,73166.61,896,98306,109.72,634.08
restaurante,2021-06,68013353.4,79177.36,859,100222,116.67,640.91
restaurante,2021-07,77789012.16,87012.32,894,110578,123.69,674.14
restaurante,2021-08,71324863.37,81700.87,873,104591,119.81,647.85
restaurante,2021-09,60239737.26,69883.69,862,93316,108.26,620.65
restaurante,2021-10,57136104.06,65523.06,872,89248,102.35,603.96
restaurante,2021-11,42516364.06,51660.22,823,71801,87.24,568.68
restaurante,2021-12,84885732.27,96024.58,884,116990,132.34,686.72
restaurante,2022-01,33700070.83,41502.55,812,61430,75.65,528.63
restaurante,2022-02,24118554.62,33732.24,715,46651,65.25,499.08
restaurante,2022-03,39512183.65,46815.38,844,69824,82.73,543.28
restaurante,2022-04,53328043.89,63410.28,841,85304,101.43,604.3
restaurante,2022-05,63353214.38,71747.69,883,97275,110.16,622.71
restaurante,2022-06,68885985.31,79361.73,868,102032,117.55,647.03
restaurante,2022-07,82776934.45,94818.94,873,114818,131.52,685.92
restaurante,2022-08,69035198.27,78717.44,877,101741,116.01,649.58
restaurante,2022-09,58895436.24,69534.16,847,91566,108.11,624.27
restaurante,2022-10,57550539.81,66919.23,860,90418,105.14,608.03
restaurante,2022-11,44680109.63,53381.25,837,76355,91.22,565.49
restaurante,2022-12,86886028.97,99754.34,871,117318,134.69,700.2
restaurante,2023-01,33802290.86,40873.39,827,62467,75.53,527.36
restaurante,2023-02,25448698.1,34813.54,731,48739,66.67,499.12
restaurante,2023-03,39316160.32,46638.39,843,69474,82.41,544.45
restaurante,2023-04,58575558.22,69320.19,845,91257,108.0,615.49
restaurante,2023-05,63611089.34,70836.4,898,97912,109.03,621.42
restaurante,2023-06,68894260.57,80767.01,853,102255,119.88,643.53
restaurante,2023-07,88142445.8,98483.18,895,120704,134.86,689.55
restaurante,2023-08,72779414.85,82422.89,883,104083,117.87,657.18
restaurante,2023-09,63659720.21,74805.78,851,95808,112.58,632.11
restaurante,2023-10,56253038.38,65107.68,864,89948,104.11,607.1
restaurante,2023-11,45504490.55,54957.11,828,76621,92.54,567.34
restaurante,2023-12,94272234.01,106884.62,882,124544,141.21,717.97
restaurante,2024-01,33023749.08,40470.28,816,60633,74.31,522.55
restaurante,2024-02,26340023.49,34841.3,756,50635,66.98,503.63
restaurante,2024-03,43686122.13,51154.71,854,75061,87.89,557.21
restaurante,2024-04,55676409.02,64966.64,857,88125,102.83,604.4
restaurante,2024-05,62390324.37,71140.62,877,95056,108.39,626.78
restaurante,2024-06,78621000.43,90786.37,866,111622,128.89,674.08
restaurante,2024-07,83117197.95,94237.19,882,114353,129.65,686.75
restaurante,2024-08,76506750.35,86448.31,885,110714,125.1,656.08
restaurante,2024-09,64576741.57,75440.12,856,97766,114.21,631.76
restaurante,2024-10,56371513.02,63553.0,887,89567,100.98,599.03
restaurante,2024-11,48582289.41,57358.07,847,80198,94.68,584.26
restaurante,2024-12,92089710.49,105365.8,874,122040,139.63,716.94
restaurante,2025-01,33283459.64,40888.77,814,60685,74.55,526.04
restaurante,2025-02,25027804.75,34664.55,722,48161,66.7,501.43
restaurante,2025-03,43522445.74,51384.23,847,73929,87.28,558.75
restaurante,2025-04,56995810.36,65891.11,865,90266,104.35,608.96
restaurante,2025-05,68047569.32,76286.51,892,103011,115.48,638.36
restaurante,2025-06,76820359.31,89534.22,858,108787,126.79,668.65
restaurante,2025-07,83933886.8,95705.69,877,116158,132.45,690.06
restaurante,2025-08,81873259.5,92303.56,887,113781,128.28,683.2
restaurante,2025-09,64516122.61,74413.06,867,98502,113.61,627.6
restaurante,2025-10,54065377.93,61648.09,877,86098,98.17,606.84
restaurante,2025-11,50241745.55,60459.38,831,80910,97.36,599.61
restaurante,2025-12,94783784.12,107100.32,885,125416,141.71,718.87
spa_wellness,2020-01,2155849.73,32176.86,67,3305,49.33,777.12
spa_wellness,2020-02,2253056.59,30446.71,74,3615,48.85,777.83
spa_wellness,2020-03,2702966.17,33787.08,80,4085,51.06,837.6
spa_wellness,2020-04,4518855.8,52544.83,86,6146,71.47,868.11
spa_wellness,2020-05,5462792.11,58739.7,93,7113,76.48,941.6
spa_wellness,2020-06,7002702.17,76952.77,91,8514,93.56,971.15
spa_wellness,2020-07,6860651.67,74572.3,92,8268,89.87,1085.79
spa_wellness,2020-08,7808779.02,81341.45,96,9107,94.86,1033.67
spa_wellness,2020-09,4426236.63,53328.15,83,5871,70.73,929.26
spa_wellness,2020-10,4367162.21,53258.08,82,5851,71.35,964.4
spa_wellness,2020-11,2940423.23,38689.78,76,4429,58.28,853.45
spa_wellness,2020-12,6442836.72,67819.33,95,7792,82.02,1029.36
spa_wellness,2021-01,2637852.1,32566.08,81,4115,50.8,763.82
spa_wellness,2021-02,1781568.17,28278.86,63,2873,45.6,770.06
spa_wellness,2021-03,3066115.25,39309.17,78,4693,60.17,787.95
spa_wellness,2021-04,4106738.61,49478.78,83,5435,65.48,942.06
spa_wellness,2021-05,6552788.85,74463.51,88,7751,88.08,1036.62
spa_wellness,2021-06,5957482.56,68476.81,87,6987,80.31,1014.21
spa_wellness,2021-07,8132823.23,84716.91,96,8645,90.05,1140.62
spa_wellness,2021-08,6798440.19,75538.22,90,7677,85.3,1098.49
spa_wellness,2021-09,4132371.13,55842.85,74,5372,72.59,981.71
spa_wellness,2021-10,5082642.46,61236.66,83,6677,80.45,959.19
spa_wellness,2021-11,3108246.58,43170.09,72,4343,60.32,874.11
spa_wellness,2021-12,5976832.86,60372.05,99,7787,78.66,911.51
spa_wellness,2022-01,2838050.44,38877.4,73,4224,57.86,818.8
spa_wellness,2022-02,2120235.38,28269.81,75,3565,47.53,715.55
spa_wellness,2022-03,3431857.59,41347.68,83,4975,59.94,825.35
spa_wellness,2022-04,4646010.84,56658.67,82,6149,74.99,911.96
spa_wellness,2022-05,5124182.85,61737.14,83,6366,76.7,994.71
spa_wellness,2022-06,6973013.31,87162.67,80,8280,103.5,1031.36
spa_wellness,2022-07,8828096.17,92927.33,95,9603,101.08,1103.13
spa_wellness,2022-08,7114660.54,74111.05,96,8792,91.58,988.11
spa_wellness,2022-09,4738062.79,61533.28,77,5716,74.23,1030.58
spa_wellness,2022-10,5185161.22,58260.24,89,6462,72.61,951.37
spa_wellness,2022-11,2643293.71,38308.6,69,3743,54.25,855.81
spa_wellness,2022-12,6511484.26,68541.94,95,7544,79.41,1018.32
spa_wellness,2023-01,3002788.53,34514.81,87,4543,52.22,837.89
spa_wellness,2023-02,1879107.93,29361.06,64,2955,46.17,799.95
spa_wellness,2023-03,3323157.48,41539.47,80,4790,59.88,837.53
spa_wellness,2023-04,4483531.25,53375.37,84,5617,66.87,1000.32
spa_wellness,2023-05,6390220.43,71002.45,90,7689,85.43,980.4
spa_wellness,2023-06,6747111.73,71777.78,94,8071,85.86,1015.98
spa_wellness,2023-07,9083471.32,94619.49,96,9950,103.65,1118.73
spa_wellness,2023-08,7254883.22,74792.61,97,8466,87.28,1059.68
spa_wellness,2023-09,4457754.76,57892.92,77,5605,72.79,1014.41
spa_wellness,2023-10,5333260.93,57346.89,93,7145,76.83,902.97
spa_wellness,2023-11,4261182.04,50131.55,85,5899,69.4,901.24
spa_wellness,2023-12,6759538.0,72683.2,93,8313,89.39,950.39
spa_wellness,2024-01,3357801.91,36898.92,91,5124,56.31,823.4
spa_wellness,2024-02,2075981.31,30529.14,68,3253,47.84,789.91
spa_wellness,2024-03,3520181.69,45716.65,77,4687,60.87,961.05
spa_wellness,2024-04,5196425.2,60423.55,86,6593,76.66,967.03
spa_wellness,2024-05,6427416.14,69863.22,92,7540,81.96,982.54
spa_wellness,2024-06,6579816.87,73930.53,89,7877,88.51,1098.37
spa_wellness,2024-07,9094828.39,96753.49,94,9841,104.69,1093.03
spa_wellness,2024-08,7655945.4,78121.89,98,8818,89.98,1095.28
spa_wellness,2024-09,5929170.31,67376.94,88,7601,86.38,941.09
spa_wellness,2024-10,4976510.43,57866.4,86,6422,74.67,926.61
spa_wellness,2024-11,3046129.76,41163.92,74,4275,57.77,903.3
spa_wellness,2024-12,6793958.23,74658.88,91,8276,90.95,1022.48
spa_wellness,2025-01,2636208.12,35149.44,75,3917,52.23,852.81
spa_wellness,2025-02,2196389.95,31831.74,69,3425,49.64,810.57
spa_wellness,2025-03,3412699.42,43752.56,78,4826,61.87,918.28
spa_wellness,2025-04,4986495.05,58664.65,85,6492,76.38,913.05
spa_wellness,2025-05,5116982.0,58147.52,88,6585,74.83,1031.65
spa_wellness,2025-06,7435235.92,84491.32,88,8369,95.1,1087.18
spa_wellness,2025-07,7922200.19,82522.92,96,8891,92.61,1098.01
spa_wellness,2025-08,7838875.75,85205.17,92,9063,98.51,1056.52
spa_wellness,2025-09,5995617.15,65885.9,91,7696,84.57,950.98
spa_wellness,2025-10,4382423.75,50958.42,86,5740,66.74,991.64
spa_wellness,2025-11,3683082.81,43846.22,84,5221,62.15,836.57
spa_wellness,2025-12,6911999.17,77662.91,89,8341,93.72,1050.52
tour_operador,2020-01,2360992.16,65583.12,36,1480,41.11,1637.75
tour_operador,2020-02,2136774.42,56230.91,38,1311,34.5,1639.87
tour_operador,2020-03,2994772.32,73043.23,41,1640,40.0,1867.44
tour_operador,2020-04,4557372.84,99073.32,46,2463,53.54,1905.23
tour_operador,2020-05,4424179.94,98315.11,45,2336,51.91,1924.02
tour_operador,2020-06,7183786.24,135543.14,53,3340,63.02,2189.61
tour_operador,2020-07,7213870.21,160308.23,45,3277,72.82,2207.03
tour_operador,2020-08,7501312.51,156277.34,48,3563,74.23,2144.62
tour_operador,2020-09,4732299.68,124534.2,38,2318,61.0,2017.28
tour_operador,2020-10,3775799.64,107879.99,35,2010,57.43,1920.73
tour_operador,2020-11,2818250.78,74164.49,38,1652,43.47,1737.31
tour_operador,2020-12,4733894.93,112711.78,42,2310,55.0,2073.19
tour_operador,2021-01,2555574.73,67251.97,38,1570,41.32,1682.63
tour_operador,2021-02,2099979.69,59999.42,35,1361,38.89,1572.1
tour_operador,2021-03,3014058.29,68501.32,44,1717,39.02,1822.5
tour_operador,2021-04,3971148.3,99278.71,40,2059,51.48,1952.11
tour_operador,2021-05,4386213.94,104433.67,42,2246,53.48,1983.21
tour_operador,2021-06,7930118.46,184421.36,43,3543,82.4,2243.21
tour_operador,2021-07,6677311.97,151757.09,44,3028,68.82,2246.07
tour_operador,2021-08,6420649.12,145923.84,44,2927,66.52,2191.39
tour_operador,2021-09,4298408.21,113116.01,38,2342,61.63,1854.36
tour_operador,2021-10,3625262.69,90631.57,40,1994,49.85,1896.94
tour_operador,2021-11,2671949.08,74220.81,36,1508,41.89,1790.59
tour_operador,2021-12,5272700.06,128602.44,41,2520,61.46,2095.61
tour_operador,2022-01,2406605.34,68760.15,35,1374,39.26,1781.61
tour_operador,2022-02,2234594.54,62072.07,36,1422,39.5,1636.34
tour_operador,2022-03,3419639.2,85490.98,40,1862,46.55,1815.62
tour_operador,2022-04,3830567.58,106404.66,36,2091,58.08,1836.75
tour_operador,2022-05,5240759.43,121878.13,43,2608,60.65,2033.55
tour_operador,2022-06,7828391.64,163091.49,48,3533,73.6,2220.6
tour_operador,2022-07,8370214.85,178089.68,47,3619,77.0,2325.13
tour_operador,2022-08,6554058.94,133756.3,49,3110,63.47,2149.42
tour_operador,2022-09,5603260.16,112065.2,50,2822,56.44,1996.34
tour_operador,2022-10,3898459.65,88601.36,44,1971,44.8,2006.06
tour_operador,2022-11,3414266.01,77596.95,44,2034,46.23,1721.48
tour_operador,2022-12,6845927.25,148824.51,46,3295,71.63,2108.26
tour_operador,2023-01,2202875.2,66753.79,33,1328,40.24,1707.62
tour_operador,2023-02,1769344.32,53616.49,33,1095,33.18,1623.66
tour_operador,2023-03,3004908.38,75122.71,40,1705,42.62,1823.41
tour_operador,2023-04,4241418.03,98637.63,43,2288,53.21,1892.97
tour_operador,2023-05,5164272.49,109878.14,47,2547,54.19,2082.35
tour_operador,2023-06,7174255.3,146413.37,49,3264,66.61,2241.45
tour_operador,2023-07,9284087.66,182040.93,51,4153,81.43,2278.57
tour_operador,2023-08,7393495.97,154031.17,48,3311,68.98,2253.21
tour_operador,2023-09,5274804.38,122669.87,43,2589,60.21,2035.21
tour_operador,2023-10,5147462.44,111901.36,46,2603,56.59,2002.73
tour_operador,2023-11,3310497.42,87118.35,38,1770,46.58,1899.51
tour_operador,2023-12,6593680.76,146526.24,45,3063,68.07,2145.7
tour_operador,2024-01,2901203.09,72530.08,40,1714,42.85,1687.91
tour_operador,2024-02,1575278.59,49227.46,32,939,29.34,1679.76
tour_operador,2024-03,2877250.91,87189.42,33,1622,49.15,1847.34
tour_operador,2024-04,4534669.94,107968.33,42,2413,57.45,1933.2
tour_operador,2024-05,5356716.95,121743.57,44,2592,58.91,2096.51
tour_operador,2024-06,8092095.04,161841.9,50,3731,74.62,2220.77
tour_operador,2024-07,7354585.37,147091.71,50,3317,66.34,2274.82
tour_operador,2024-08,7571498.35,154520.37,49,3459,70.59,2209.37
tour_operador,2024-09,5600282.18,133340.05,42,2728,64.95,2037.65
tour_operador,2024-10,4356169.36,101306.26,43,2168,50.42,2054.8
tour_operador,2024-11,3317395.92,89659.35,37,1817,49.11,1857.3
tour_operador,2024-12,6680353.2,145225.07,46,3231,70.24,2068.59
tour_operador,2025-01,2539771.12,70549.2,36,1482,41.17,1739.76
tour_operador,2025-02,1813427.9,56669.62,32,1098,34.31,1663.23
tour_operador,2025-03,3436288.6,81816.4,42,1913,45.55,1823.03
tour_operador,2025-04,4150766.58,109230.7,38,2108,55.47,1942.09
tour_operador,2025-05,6428580.37,142857.34,45,2943,65.4,2174.12
tour_operador,2025-06,6704069.02,142639.77,47,3078,65.49,2225.29
tour_operador,2025-07,9560562.16,191211.24,50,4353,87.06,2258.25
tour_operador,2025-08,7482393.73,162660.73,46,3433,74.63,2209.94
tour_operador,2025-09,5918835.92,123309.08,48,2839,59.15,2095.8
tour_operador,2025-10,4593434.08,112034.98,41,2280,55.61,1984.43
tour_operador,2025-11,3027064.69,77617.04,39,1653,42.38,1852.98
tour_operador,2025-12,7263463.99,151322.17,48,3265,68.02,2230.27
transporte,2020-01,18737171.14,97083.79,193,12256,63.5,1356.54
transporte,2020-02,14934060.89,82055.28,182,10064,55.3,1352.3
transporte,2020-03,23148182.27,113471.48,204,14283,70.01,1490.91
transporte,2020-04,51840979.76,223452.5,232,26233,113.07,1783.19
transporte,2020-05,58945011.73,235780.05,250,28299,113.2,1863.08
transporte,2020-06,76567450.83,325818.94,235,34440,146.55,2032.0
transporte,2020-07,110394679.28,408869.18,270,44849,166.11,2211.78
transporte,2020-08,98979589.71,373507.89,265,41815,157.79,2131.27
transporte,2020-09,49775906.34,204839.12,243,26025,107.1,1729.77
transporte,2020-10,39077714.22,167715.51,233,22001,94.42,1624.7
transporte,2020-11,24558214.24,121575.32,202,14812,73.33,1485.25
transporte,2020-12,59290126.0,248075.84,239,29225,122.28,1849.61
transporte,2021-01,19138710.87,100730.06,190,11845,62.34,1452.49
transporte,2021-02,12692982.28,74227.97,171,8726,51.03,1298.13
transporte,2021-03,25295747.25,117654.64,215,15596,72.54,1453.57
transporte,2021-04,51139872.82,227288.32,225,25484,113.26,1807.14
transporte,2021-05,66030639.22,270617.37,244,31595,129.49,1878.0
transporte,2021-06,90416342.12,343788.37,263,40105,152.49,2057.51
transporte,2021-07,116002685.81,421827.95,275,47556,172.93,2183.3
transporte,2021-08,106756052.86,386797.29,276,44727,162.05,2174.61
transporte,2021-09,51422100.27,221646.98,232,26284,113.29,1753.57
transporte,2021-10,39564620.3,175064.69,226,21284,94.18,1644.27
transporte,2021-11,23386521.25,118113.74,198,14481,73.14,1469.46
transporte,2021-12,61046866.38,245168.14,249,30100,120.88,1833.39
transporte,2022-01,20100166.79,102551.87,196,12839,65.51,1417.78
transporte,2022-02,14603167.99,86409.28,169,9782,57.88,1341.05
transporte,2022-03,23587819.14,120963.18,195,14328,73.48,1502.02
transporte,2022-04,54262878.09,231892.64,234,27589,117.9,1791.65
transporte,2022-05,61389724.73,243610.02,252,30128,119.56,1849.33
transporte,2022-06,92946555.87,367377.69,253,39618,156.59,2128.46
transporte,2022-07,117948416.05,430468.67,274,45869,167.41,2291.62
transporte,2022-08,105715790.38,383028.23,276,44128,159.88,2120.89
transporte,2022-09,51754236.37,232081.78,223,26253,117.73,1766.24
transporte,2022-10,37669292.52,171224.06,220,20987,95.4,1622.32
transporte,2022-11,23648064.87,118240.32,200,14249,71.24,1484.82
transporte,2022-12,60529843.31,249094.01,243,29389,120.94,1844.68
transporte,2023-01,23472240.94,115060.0,204,14579,71.47,1451.18
transporte,2023-02,14998340.67,83789.61,179,10229,57.15,1329.29
transporte,2023-03,23821629.26,122162.2,195,14153,72.58,1506.63
transporte,2023-04,58664271.35,242414.34,242,29316,121.14,1827.24
transporte,2023-05,72235014.42,281070.1,257,34730,135.14,1900.56
transporte,2023-06,95895254.22,363239.6,264,41107,155.71,2119.71
transporte,2023-07,112265877.69,395302.39,284,45588,160.52,2234.1
transporte,2023-08,100425965.83,362548.61,277,42680,154.08,2134.09
transporte,2023-09,52417666.81,230914.83,227,26460,116.56,1803.2
transporte,2023-10,42586635.49,184357.73,231,22681,98.19,1680.46
transporte,2023-11,27948826.59,131834.09,212,16608,78.34,1520.3
transporte,2023-12,63944610.28,258885.06,247,31278,126.63,1861.59
transporte,2024-01,23231956.77,108055.61,215,14481,67.35,1457.67
transporte,2024-02,15989814.37,86431.43,185,10588,57.23,1366.2
transporte,2024-03,30198843.52,137267.47,220,17919,81.45,1540.95
transporte,2024-04,55483068.85,239151.16,232,28154,121.35,1779.16
transporte,2024-05,62580852.2,247355.15,253,30309,119.8,1886.79
transporte,2024-06,95246747.92,362154.94,263,41544,157.96,2112.37
transporte,2024-07,113211997.02,401460.98,282,46403,164.55,2254.2
transporte,2024-08,109421839.47,396455.94,276,44563,161.46,2242.55
transporte,2024-09,54155780.06,234440.61,231,26611,115.2,1847.55
transporte,2024-10,43335857.55,183626.52,236,23530,99.7,1660.12
transporte,2024-11,27325493.86,123644.77,221,16836,76.18,1480.11
transporte,2024-12,63982258.21,260090.48,246,30659,124.63,1870.62
transporte,2025-01,23692848.05,116141.41,204,14490,71.03,1489.96
transporte,2025-02,16137985.64,92217.06,175,10564,60.37,1386.83
transporte,2025-03,28541146.86,133995.99,213,16896,79.32,1574.34
transporte,2025-04,51672332.57,230680.06,224,25779,115.08,1843.71
transporte,2025-05,61956989.7,261421.9,237,29243,123.39,1899.52
transporte,2025-06,94256120.66,357030.76,264,40152,152.09,2124.52
transporte,2025-07,129332334.52,466903.73,277,50576,182.58,2310.32
transporte,2025-08,116797541.88,417134.08,280,47897,171.06,2201.98
transporte,2025-09,58242771.41,239682.19,243,29472,121.28,1811.06
transporte,2025-10,40589105.04,182833.81,222,22002,99.11,1676.31
transporte,2025-11,27320186.41,137287.37,199,16106,80.93,1539.27
transporte,2025-12,67302556.63,275830.15,244,31797,130.32,1929.12
